Workbook

Sheet Sheet 1
A1: out_spiral
A2: bckt_no | B2: pop_cnt | C2: LISS_cnt | D2: pop_percent | E2: LISS_percent
A3: 74 | B3: {=_xlfn.IFERROR(VLOOKUP($A3,'pop'!$A$2:$C$89,2,FALSE),0)} -> 1213636 | C3: {=_xlfn.IFERROR(VLOOKUP($A3,'liss'!$A$2:$C$56,2,FALSE),0)} -> 1164 | D3: {=_xlfn.IFERROR(VLOOKUP($A3,'pop'!$A$2:$C$89,3,FALSE),0)} -> 19.27 | E3: {=_xlfn.IFERROR(VLOOKUP($A3,'liss'!$A$2:$C$56,3,FALSE),0)} -> 10.17
A4: 91 | B4: {=_xlfn.IFERROR(VLOOKUP($A4,'pop'!$A$2:$C$89,2,FALSE),0)} -> 661452 | C4: {=_xlfn.IFERROR(VLOOKUP($A4,'liss'!$A$2:$C$56,2,FALSE),0)} -> 674 | D4: {=_xlfn.IFERROR(VLOOKUP($A4,'pop'!$A$2:$C$89,3,FALSE),0)} -> 10.5 | E4: {=_xlfn.IFERROR(VLOOKUP($A4,'liss'!$A$2:$C$56,3,FALSE),0)} -> 5.89
A5: 13 | B5: {=_xlfn.IFERROR(VLOOKUP($A5,'pop'!$A$2:$C$89,2,FALSE),0)} -> 599182 | C5: {=_xlfn.IFERROR(VLOOKUP($A5,'liss'!$A$2:$C$56,2,FALSE),0)} -> 424 | D5: {=_xlfn.IFERROR(VLOOKUP($A5,'pop'!$A$2:$C$89,3,FALSE),0)} -> 9.51 | E5: {=_xlfn.IFERROR(VLOOKUP($A5,'liss'!$A$2:$C$56,3,FALSE),0)} -> 3.71
A6: 71 | B6: {=_xlfn.IFERROR(VLOOKUP($A6,'pop'!$A$2:$C$89,2,FALSE),0)} -> 588523 | C6: {=_xlfn.IFERROR(VLOOKUP($A6,'liss'!$A$2:$C$56,2,FALSE),0)} -> 2445 | D6: {=_xlfn.IFERROR(VLOOKUP($A6,'pop'!$A$2:$C$89,3,FALSE),0)} -> 9.34 | E6: {=_xlfn.IFERROR(VLOOKUP($A6,'liss'!$A$2:$C$56,3,FALSE),0)} -> 21.37
A7: 49 | B7: {=_xlfn.IFERROR(VLOOKUP($A7,'pop'!$A$2:$C$89,2,FALSE),0)} -> 515545 | C7: {=_xlfn.IFERROR(VLOOKUP($A7,'liss'!$A$2:$C$56,2,FALSE),0)} -> 1489 | D7: {=_xlfn.IFERROR(VLOOKUP($A7,'pop'!$A$2:$C$89,3,FALSE),0)} -> 8.19 | E7: {=_xlfn.IFERROR(VLOOKUP($A7,'liss'!$A$2:$C$56,3,FALSE),0)} -> 13.01
A8: 89 | B8: {=_xlfn.IFERROR(VLOOKUP($A8,'pop'!$A$2:$C$89,2,FALSE),0)} -> 428369 | C8: {=_xlfn.IFERROR(VLOOKUP($A8,'liss'!$A$2:$C$56,2,FALSE),0)} -> 560 | D8: {=_xlfn.IFERROR(VLOOKUP($A8,'pop'!$A$2:$C$89,3,FALSE),0)} -> 6.8 | E8: {=_xlfn.IFERROR(VLOOKUP($A8,'liss'!$A$2:$C$56,3,FALSE),0)} -> 4.89
A9: 92 | B9: {=_xlfn.IFERROR(VLOOKUP($A9,'pop'!$A$2:$C$89,2,FALSE),0)} -> 420590 | C9: {=_xlfn.IFERROR(VLOOKUP($A9,'liss'!$A$2:$C$56,2,FALSE),0)} -> 941 | D9: {=_xlfn.IFERROR(VLOOKUP($A9,'pop'!$A$2:$C$89,3,FALSE),0)} -> 6.68 | E9: {=_xlfn.IFERROR(VLOOKUP($A9,'liss'!$A$2:$C$56,3,FALSE),0)} -> 8.22
A10: 46 | B10: {=_xlfn.IFERROR(VLOOKUP($A10,'pop'!$A$2:$C$89,2,FALSE),0)} -> 359648 | C10: {=_xlfn.IFERROR(VLOOKUP($A10,'liss'!$A$2:$C$56,2,FALSE),0)} -> 753 | D10: {=_xlfn.IFERROR(VLOOKUP($A10,'pop'!$A$2:$C$89,3,FALSE),0)} -> 5.71 | E10: {=_xlfn.IFERROR(VLOOKUP($A10,'liss'!$A$2:$C$56,3,FALSE),0)} -> 6.58
A11: 36 | B11: {=_xlfn.IFERROR(VLOOKUP($A11,'pop'!$A$2:$C$89,2,FALSE),0)} -> 334097 | C11: {=_xlfn.IFERROR(VLOOKUP($A11,'liss'!$A$2:$C$56,2,FALSE),0)} -> 311 | D11: {=_xlfn.IFERROR(VLOOKUP($A11,'pop'!$A$2:$C$89,3,FALSE),0)} -> 5.3 | E11: {=_xlfn.IFERROR(VLOOKUP($A11,'liss'!$A$2:$C$56,3,FALSE),0)} -> 2.72
A12: 22 | B12: {=_xlfn.IFERROR(VLOOKUP($A12,'pop'!$A$2:$C$89,2,FALSE),0)} -> 163124 | C12: {=_xlfn.IFERROR(VLOOKUP($A12,'liss'!$A$2:$C$56,2,FALSE),0)} -> 218 | D12: {=_xlfn.IFERROR(VLOOKUP($A12,'pop'!$A$2:$C$89,3,FALSE),0)} -> 2.59 | E12: {=_xlfn.IFERROR(VLOOKUP($A12,'liss'!$A$2:$C$56,3,FALSE),0)} -> 1.91
A13: 76 | B13: {=_xlfn.IFERROR(VLOOKUP($A13,'pop'!$A$2:$C$89,2,FALSE),0)} -> 154595 | C13: {=_xlfn.IFERROR(VLOOKUP($A13,'liss'!$A$2:$C$56,2,FALSE),0)} -> 122 | D13: {=_xlfn.IFERROR(VLOOKUP($A13,'pop'!$A$2:$C$89,3,FALSE),0)} -> 2.45 | E13: {=_xlfn.IFERROR(VLOOKUP($A13,'liss'!$A$2:$C$56,3,FALSE),0)} -> 1.07
A14: 37 | B14: {=_xlfn.IFERROR(VLOOKUP($A14,'pop'!$A$2:$C$89,2,FALSE),0)} -> 140583 | C14: {=_xlfn.IFERROR(VLOOKUP($A14,'liss'!$A$2:$C$56,2,FALSE),0)} -> 287 | D14: {=_xlfn.IFERROR(VLOOKUP($A14,'pop'!$A$2:$C$89,3,FALSE),0)} -> 2.23 | E14: {=_xlfn.IFERROR(VLOOKUP($A14,'liss'!$A$2:$C$56,3,FALSE),0)} -> 2.51
... A102: 100 | B102: {=_xlfn.IFERROR(VLOOKUP($A102,'pop'!$A$2:$C$89,2,FALSE),0)} -> 0 | C102: {=_xlfn.IFERROR(VLOOKUP($A102,'liss'!$A$2:$C$56,2,FALSE),0)} -> 0 | D102: {=_xlfn.IFERROR(VLOOKUP($A102,'pop'!$A$2:$C$89,3,FALSE),0)} -> 0 | E102: {=_xlfn.IFERROR(VLOOKUP($A102,'liss'!$A$2:$C$56,3,FALSE),0)} -> 0

Sheet pop
A1: Table 1
A2: bckt_no | B2: pop_cnt
A3: 74 | B3: 1213636 | C3: {=ROUND(B3/B$89*100,2)} -> 19.27
A4: 91 | B4: 661452 | C4: {=ROUND(B4/B$89*100,2)} -> 10.5
A5: 13 | B5: 599182 | C5: {=ROUND(B5/B$89*100,2)} -> 9.51
A6: 71 | B6: 588523 | C6: {=ROUND(B6/B$89*100,2)} -> 9.34
A7: 49 | B7: 515545 | C7: {=ROUND(B7/B$89*100,2)} -> 8.19
A8: 89 | B8: 428369 | C8: {=ROUND(B8/B$89*100,2)} -> 6.8
A9: 92 | B9: 420590 | C9: {=ROUND(B9/B$89*100,2)} -> 6.68
A10: 46 | B10: 359648 | C10: {=ROUND(B10/B$89*100,2)} -> 5.71
A11: 36 | B11: 334097 | C11: {=ROUND(B11/B$89*100,2)} -> 5.3
A12: 22 | B12: 163124 | C12: {=ROUND(B12/B$89*100,2)} -> 2.59
A13: 76 | B13: 154595 | C13: {=ROUND(B13/B$89*100,2)} -> 2.45
A14: 37 | B14: 140583 | C14: {=ROUND(B14/B$89*100,2)} -> 2.23
... A88: 68 | B88: 1 | C88: {=ROUND(B88/B$89*100,2)} -> 0
A89: Total | B89: {=SUM(B3:B88)} -> 6297994 | C89: {=ROUND(B89/B$89*100,2)} -> 100

Sheet liss
A1: Table 1
A2: bckt_no | B2: LISS_cnt
A3: 71 | B3: 2445 | C3: {=ROUND(B3/B$56*100,2)} -> 21.37
A4: 49 | B4: 1489 | C4: {=ROUND(B4/B$56*100,2)} -> 13.01
A5: 74 | B5: 1164 | C5: {=ROUND(B5/B$56*100,2)} -> 10.17
A6: 92 | B6: 941 | C6: {=ROUND(B6/B$56*100,2)} -> 8.22
A7: 46 | B7: 753 | C7: {=ROUND(B7/B$56*100,2)} -> 6.58
A8: 91 | B8: 674 | C8: {=ROUND(B8/B$56*100,2)} -> 5.89
A9: 89 | B9: 560 | C9: {=ROUND(B9/B$56*100,2)} -> 4.89
A10: 23 | B10: 478 | C10: {=ROUND(B10/B$56*100,2)} -> 4.18
A11: 13 | B11: 424 | C11: {=ROUND(B11/B$56*100,2)} -> 3.71
A12: 36 | B12: 311 | C12: {=ROUND(B12/B$56*100,2)} -> 2.72
A13: 37 | B13: 287 | C13: {=ROUND(B13/B$56*100,2)} -> 2.51
A14: 66 | B14: 286 | C14: {=ROUND(B14/B$56*100,2)} -> 2.5
... A55: 60 | B55: 1 | C55: {=ROUND(B55/B$56*100,2)} -> 0.01
A56: Total | B56: {=SUM(,B3:B55)} -> 11443 | C56: {=ROUND(B56/B$56*100,2)} -> 100
